{
  "input_size": 2,
  "hidden_size": 2,
  "output_size": 1,
  "learning_rate": 0.5,
  "weights_input_hidden": [
    [[3.3853951591968454], [-5.295178192416521]],
    [[3.3745478066495243], [-5.300146155405742]]
  ],
  "weights_hidden_output": [[[-6.515924378918317]], [[-6.582495075210625]]],
  "bias_hidden": [[-5.228486521186569], [1.758289983926443]],
  "bias_output": [[3.22976088638641]]
}
